{
  "interactionModel": {
    "languageModel": {
      "invocationName": "baby clang",
      "intents": [
        {
          "name": "AMAZON.NextIntent",
          "samples": []
        },
        {
          "name": "AMAZON.CancelIntent",
          "samples": []
        },
        {
          "name": "AMAZON.HelpIntent",
          "samples": []
        },
        {
          "name": "AMAZON.StopIntent",
          "samples": []
        },
        {
          "name": "AMAZON.NavigateHomeIntent",
          "samples": []
        },
        {
          "name": "AMAZON.FallbackIntent",
          "samples": []
        },
        {
          "name": "PlayAudioIntent",
          "slots": [
            {
              "name": "music_name",
              "type": "music_name"
            },
            {
              "name": "music_duration",
              "type": "music_duration"
            },
            {
              "name": "music_purpose",
              "type": "music_purpose"
            }
          ],
          "samples": [
            "play name {music_name}",
            "play a {music_duration} music",
            "play {music_duration} music for {music_purpose}",
            "play music for {music_purpose}",
            "play {music_name}",
            "{music_duration}",
            "{music_purpose}",
            "{music_name}",
            "play"
          ]
        },
        {
          "name": "NextAudioIntent",
          "slots": [
            {
              "name": "music",
              "type": "music_name",
              "multipleValues": {
                "enabled": true
              }
            }
          ],
          "samples": [
            "play the next ",
            "next",
            "play {music} next",
            "another one"
          ]
        },
        {
          "name": "PrevAudioIntent",
          "slots": [
            {
              "name": "music_name",
              "type": "music_name"
            }
          ],
          "samples": [
            "go to the previous one ",
            "play previous {music_name}",
            "previous"
          ]
        },
        {
          "name": "AMAZON.PauseIntent",
          "samples": []
        },
        {
          "name": "AMAZON.ResumeIntent",
          "samples": []
        }
      ],
      "types": [
        {
          "values": [
            {
              "name": {
                "value": "short"
              }
            },
            {
              "name": {
                "value": "middle"
              }
            },
            {
              "name": {
                "value": "long"
              }
            }
          ],
          "name": "music_duration"
        },
        {
          "values": [
            {
              "name": {
                "value": "dancing"
              }
            },
            {
              "name": {
                "value": "a mothers day gift"
              }
            },
            {
              "name": {
                "value": "color me happy color me sad"
              }
            },
            {
              "name": {
                "value": "have you seen my egg"
              }
            },
            {
              "name": {
                "value": "i choose kindness "
              }
            },
            {
              "name": {
                "value": "i prayed for you"
              }
            },
            {
              "name": {
                "value": "i love you little ninja "
              }
            },
            {
              "name": {
                "value": "keeping it cool skills "
              }
            },
            {
              "name": {
                "value": "little hoo makes valentines "
              }
            },
            {
              "name": {
                "value": "taylor the thankful turkey"
              }
            },
            {
              "name": {
                "value": "the glowing rectangle"
              }
            },
            {
              "name": {
                "value": "the pout pout fish"
              }
            },
            {
              "name": {
                "value": "tree full of wonder"
              }
            },
            {
              "name": {
                "value": "you unique little thing"
              }
            },
            {
              "name": {
                "value": "ringtone "
              }
            },
            {
              "name": {
                "value": "lovely baby"
              }
            },
            {
              "name": {
                "value": "baby move "
              }
            },
            {
              "name": {
                "value": "make it beautiful "
              }
            },
            {
              "name": {
                "value": "run baby"
              }
            },
            {
              "name": {
                "value": "where are you baby "
              }
            },
            {
              "name": {
                "value": "happiness"
              }
            },
            {
              "name": {
                "value": "enthusiasm"
              }
            },
            {
              "name": {
                "value": "baby playing"
              }
            },
            {
              "name": {
                "value": "baby shark"
              }
            },
            {
              "name": {
                "value": "i caught you baby "
              }
            },
            {
              "name": {
                "value": "nture whispers"
              }
            },
            {
              "name": {
                "value": "rest assured baby"
              }
            },
            {
              "name": {
                "value": "fall a sleep baby"
              }
            },
            {
              "name": {
                "value": "cute letters "
              }
            },
            {
              "name": {
                "value": "good sleep"
              }
            },
            {
              "name": {
                "value": "enjoy"
              }
            },
            {
              "name": {
                "value": "peace"
              }
            },
            {
              "name": {
                "value": "relax baby"
              }
            },
            {
              "name": {
                "value": "whispers"
              }
            },
            {
              "name": {
                "value": "little angel"
              }
            },
            {
              "name": {
                "value": "dady finger "
              }
            },
            {
              "name": {
                "value": "When the Clock Strikes on Halloween"
              }
            },
            {
              "name": {
                "value": "That Is How I Know My Mom Loves Me"
              }
            },
            {
              "name": {
                "value": "Scuba Matts Underwater"
              }
            },
            {
              "name": {
                "value": "Patience is my Superpower"
              }
            },
            {
              "name": {
                "value": "I Love You Dad"
              }
            }
          ],
          "name": "music_name"
        },
        {
          "values": [
            {
              "name": {
                "value": "enjoying"
              }
            },
            {
              "name": {
                "value": "sleeping"
              }
            }
          ],
          "name": "music_purpose"
        }
      ]
    }
  },
  "version": "18"
}